Iteration,GradientNorm
1,31927.5
2,39450.7
3,28473
4,8777.91
5,5989.93
6,5240.06
7,10243.2
8,106047
9,9198.45
10,1992.5
11,1883.22
12,2100.07
13,16970.4
14,29153.1
15,11102.3
16,4733.74
17,1050.41
18,928.617
19,883.222
20,2935.4
21,21533.2
22,14680.1
23,2606.63
24,1183.37
25,788.444
26,629.992
27,742.651
28,8326.27
29,18383.7
30,1122.48
31,544.722
32,505.02
33,649.759
34,8953.81
35,10204.7
36,4239.96
37,3724.26
38,696.593
39,368.212
40,359.667
41,560.527
42,78193.3
43,62465.2
44,4599.69
45,2105.94
46,965.06
47,206.015
48,203.125
49,1009.31
50,15773.4
51,2082.17
52,305.754
53,195.546
54,183.623
55,250.329
56,15365.6
57,20132.3
58,2822.46
59,470.174
60,227.691
61,166.523
62,156.082
63,691.254
64,12670.2
65,2357.33
66,419.017
67,203.976
68,154.049
69,147.414
70,940.794
71,13978.5
72,1523.66
73,414.972
74,181.17
75,141.808
76,139.685
77,928.595
78,12307
79,3276.05
80,603.828
81,247.581
82,152.096
83,129.287
84,248.591
85,4356.88
86,1575.72
87,133.916
88,125.293
89,173.738
90,2347.7
91,2739.72
92,541.533
93,152.897
94,128.856
95,161.359
96,484.669
97,492.074
98,117.128
99,113.616
100,114.813
101,23784.5
102,444485
103,4550.64
104,1960.48
105,409.863
106,116.884
107,75.1988
108,81.3394
109,312.328
110,809.754
111,90.6215
112,68.3613
113,68.2245
114,909.605
115,188227
116,42080
117,9349.15
118,1452.65
119,485.663
120,186.194
121,125.627
122,102.363
123,433
124,223.243
125,55.458
126,55.1136
127,125.507
128,40411.2
129,42888.2
130,28990.7
131,1026.94
132,664.343
133,319.426
134,163.156
135,161.182
136,547.15
137,131.62
138,54.1178
139,50.0254
140,64.8595
141,1694.94
142,2353.71
143,59.9684
144,49.5697
145,50.7518
146,713.273
147,10372.9
148,176.344
149,63.5411
150,50.8553
151,52.4618
152,301.766
153,2982.25
154,1165.5
155,237.649
156,128.372
157,53.2755
158,50.3517
159,166.816
160,2007.28
161,201.121
162,50.7634
163,49.0042
164,89.4109
165,2687.48
166,1479.88
167,567.565
168,226.094
169,62.5336
170,48.6086
171,49.2345
172,430.609
173,7108.04
174,122.023
175,53.2111
176,47.8521
177,50.8954
178,1731.99
179,12463.5
180,1536.62
181,528.407
182,128.889
183,65.6477
184,48.1963
185,54.9864
186,698.837
187,1930.51
188,136.939
189,49.2295
190,47.0008
191,55.9248
192,2877.65
193,11574.9
194,4742.73
195,855.178
196,432.816
197,111.819
198,55.6156
199,72.8727
200,137.374
201,97.1215
202,47.1719
203,45.9995
204,72.1099
205,11688.9
206,7917.94
207,45.3553
208,45.1193
209,119.235
210,65936.6
211,43057.5
212,11362.9
213,1168.83
214,792.926
215,291.155
216,184.335
217,423.81
218,218.108
219,47.1302
220,44.4828
221,57.9944
222,542.732
223,1014.42
224,904.546
225,269.895
226,47.8548
227,43.8062
228,57.6624
229,333.922
230,368.597
231,201.342
232,237.566
233,43.5476
234,40.976
235,41.2728
236,12481.4
237,791409
238,53909.2
239,9470.75
240,4579.04
241,1190.07
242,305.814
243,436.333
244,81.664
245,44.862
246,41.147
247,47.9898
248,377.181
249,1671.64
250,135.529
251,47.6814
252,39.9218
253,40.2091
254,86.746
255,276.966
256,157.071
257,78.6637
258,49.4691
259,36.661
260,36.3433
261,91.6628
262,691.958
263,117.527
264,34.2658
265,34.2593
266,583.513
267,2.21315e+06
268,2.1139e+06
269,1.98686e+06
270,63558.7
271,37301.7
272,13574.5
273,3273.85
274,4512.41
275,793.936
276,142.011
277,99.6878
278,53.3902
279,93.9912
280,413.003
281,142.061
282,44.0257
283,43.611
284,84.0511
285,16627.4
286,10582.9
287,4297.4
288,366.364
289,189.351
290,114.523
291,38.5452
292,29.4338
293,92.8257
294,143.271
295,24.9325
296,19.0564
297,19.0068
298,249.068
299,91785.4
300,6626.42
301,1344.11
302,544.469
303,324.17
304,173.444
305,197.569
306,834.916
307,99.6916
308,29.4745
309,19.791
310,17.5322
311,24.043
312,296.574
313,386.376
314,137.495
315,29.1204
316,17.2344
317,16.8011
318,26.1174
319,7713.13
320,9363.79
321,824.641
322,63.7352
323,51.3788
324,25.3775
325,37.6888
326,64.43
327,25.6541
328,16.7392
329,16.7252
330,114.463
331,5051.47
332,621.844
333,129.427
334,31.0421
335,19.1586
336,17.6266
337,31.1927
338,659.451
339,312.278
340,19.6409
341,17.1256
342,16.7392
343,110.991
344,4352.69
345,479.27
346,253.855
347,77.3347
348,56.2587
349,38.2094
350,45.817
351,274.797
352,45.6456
353,16.6242
354,16.4497
355,49.823
356,7031.81
357,1623.74
358,1526.12
359,379.079
360,31.1351
361,21.2691
362,17.4754
363,22.9688
364,147.488
365,152.601
366,20.786
367,17.5641
368,19.7194
369,68.0044
370,139.782
371,18.2798
372,16.228
373,16.2335
374,4359.75
375,4.48974e+06
376,409543
377,89884.1
378,10273.6
379,1322.42
380,463.42
381,237.759
382,149.439
383,89.1853
384,60.8119
385,49.4713
386,70.7047
387,76.3677
388,21.2343
389,17.8367
390,14.8214
391,39.7522
392,871.058
393,142.105
394,16.9214
395,16.1333
396,19.5897
397,34.1544
398,37.29
399,56.3723
400,216.841
401,61.2698
402,14.3969
403,13.6373
404,21.3577
405,284.598
406,232.188
407,91.9247
408,84.1525
409,14.381
410,13.1792
411,13.1912
412,437.47
413,63000.5
414,11494.7
415,3412.32
416,1572.41
417,507.669
418,232.225
419,357.034
420,171.011
421,25.2491
422,21.4062
423,14.8245
424,19.4316
425,97.2673
426,127.223
427,63.8412
428,18.87
429,13.0862
430,13.0076
431,78.6079
432,24192
433,1263.93
434,445.819
435,303.31
436,72.0247
437,67.663
438,44.7671
439,16.5817
440,13.5155
441,15.213
442,97.6432
443,257.129
444,18.5317
445,13.1686
446,13.012
447,42.8561
448,2163.83
449,245.272
450,49.4121
451,17.7434
452,13.0128
453,12.9721
454,150.078
455,18656.3
456,520.979
457,231.841
458,192.187
459,36.793
460,53.5163
461,78.3535
462,22.0916
463,14.5447
464,14.1829
465,27.5028
466,114.942
467,36.5239
468,12.8365
469,12.8097
470,31.1402
471,256346
472,62628.2
473,2889.43
474,1906.2
475,1427.08
476,1170.43
477,5052.27
478,664.245
479,80.0511
480,55.7367
481,46.3623
482,92.498
483,197.608
484,19.3098
485,15.1088
486,13.2893
487,14.3428
488,95.306
489,1018.35
490,103.105
491,25.3568
492,14.524
493,11.6511
494,11.8532
495,83.5646
496,716.481
497,301.798
498,114.992
499,13.0536
500,11.4741
501,12.5735
502,96.6816
503,346.286
504,78.6168
505,41.4639
506,12.0962
507,11.0906
508,11.8138
509,772.076
510,5476.64
511,40.2336
512,17.9829
513,11.3305
514,11.2327
515,52.015
516,1403.87
517,138.631
518,25.2
519,13.069
520,11.1798
521,12.0517
522,247.562
523,1497.87
524,302.077
525,62.2164
526,21.4991
527,12.0415
528,11.9854
529,42.9244
530,240.486
531,24.8467
532,11.0912
533,11.0141
534,30.5837
535,15975
536,10567.5
537,2212.62
538,670.566
539,486.137
540,56.8892
541,45.2732
542,65.0777
543,28.0984
544,11.1119
545,10.8834
546,16.9943
547,3650.79
548,4152.03
549,601.5
550,88.8981
551,45.6709
552,16.6517
553,11.7397
554,11.4181
555,44.3623
556,572.369
557,275.706
558,53.566
559,20.3158
560,14.8105
561,11.4113
562,15.5394
563,130.633
564,200.945
565,49.3924
566,12.9544
567,11.1682
568,12.4887
569,89.7196
570,276.887
571,93.7379
572,60.1047
573,10.824
574,10.783
575,17.3378
576,30377.9
577,48251.3
578,23369
579,2322.05
580,698.642
581,245.617
582,39.1102
583,19.9406
584,15.019
585,38.7878
586,37.4212
587,10.497
588,10.1505
589,10.6089
590,5974.44
591,65277
592,930.389
593,566.226
594,48.8295
595,12.9287
596,10.7662
597,14.5266
598,70.5804
599,68.6711
600,20.6507
601,12.4099
602,10.1637
603,10.7024
604,73.3945
605,423.837
606,12.6643
607,9.89382
608,9.8847
609,86.5281
610,264031
611,71865.4
612,33992.9
613,2476.27
614,1055.34
615,707.634
616,222.635
617,578.597
618,242.534
619,61.2515
620,59.0119
621,55.6851
622,967.706
623,634.781
624,368.591
625,69.6267
626,22.4714
627,19.8319
628,14.7476
629,46.2516
630,87.3253
631,32.5599
632,23.7524
633,10.5872
634,10.2022
635,12.9112
636,1184.69
637,1650.91
638,15.5893
639,13.0014
640,10.7157
641,16.534
642,74.8022
643,46.0742
644,11.1967
645,9.41127
646,9.84089
647,170.144
648,1419.19
649,173.255
650,32.8934
651,11.2175
652,9.29385
653,9.58031
654,113.435
655,1031.87
656,51.7579
657,17.794
658,9.19088
659,9.0874
660,22.4213
661,7680.02
662,3015.93
663,1026.06
664,148.643
665,94.0008
666,32.3586
667,14.801
668,25.6171
669,25.0954
670,10.509
671,9.04767
672,9.32033
673,254.036
674,3547.27
675,59.6636
676,22.0915
677,9.00521
678,8.99347
679,87.0461
680,174671
681,99067.7
682,19150.1
683,13143.1
684,3829.16
685,3377.98
686,7783.69
687,498.125
688,172.887
689,136.57
690,119.233
691,454.23
692,5944.9
693,1043.69
694,177.318
695,43.4568
696,17.6004
697,15.5623
698,23.3466
699,255.677
700,84.3047
701,9.96339
702,9.85124
703,21.552
704,969.344
705,1146.14
706,208.436
707,65.8305
708,45.8017
709,39.196
710,68.3764
711,47.463
712,13.6043
713,12.5917
714,10.6785
715,51.7461
716,575.122
717,36.7989
718,11.097
719,10.26
720,12.0003
721,25.24
722,42.7038
723,66.3976
724,40.6123
725,13.6389
726,9.27799
727,8.85354
728,15.7016
729,169.841
730,71.2726
731,8.5333
732,8.51367
733,12.3609
734,40105.4
735,91592.7
736,75196.1
737,9797.33
738,3015.12
739,1736.71
740,288.817
741,142.009
742,245.855
743,307.789
744,63.4629
745,57.5406
746,49.3787
747,213.215
748,6006.85
749,354.234
750,122.135
751,34.4741
752,17.73
753,9.60781
754,9.34502
755,56.8965
756,158.501
757,11.2131
758,7.87032
759,7.59847
760,13.6218
761,846.523
762,383.152
763,60.4935
764,22.9235
765,7.69883
766,7.51782
767,12.2243
768,479.404
769,1271.37
770,337.018
771,42.818
772,22.7982
773,11.5996
774,9.12534
775,10.0355
776,87.6458
777,152.503
778,21.5308
779,8.46458
780,7.44829
781,8.14356
782,110.197
783,468.41
784,164.802
785,82.0823
786,7.9868
787,7.37792
788,8.32673
789,138.955
790,449.08
791,64.2899
792,50.4355
793,8.10582
794,7.39166
795,7.46791
796,97.7156
797,2205.3
798,520.285
799,143.98
800,66.8379
801,25.9588
802,17.5607
803,24.0448
804,12.2513
805,7.46893
806,7.3264
807,22.3921
808,1730.44
809,341.683
810,63.6211
811,48.7867
812,7.31769
813,7.26485
814,82.116
815,8999.96
816,685.969
817,320.708
818,139.247
819,24.2177
820,9.29995
821,12.53
822,25.1021
823,14.0998
824,7.28571
825,7.21219
826,18.1277
827,5654.38
828,1069.47
829,32.0344
830,22.8125
831,11.4234
832,8.46204
833,9.62072
834,21.3372
835,28.7078
836,15.0182
837,10.7529
838,7.63327
839,7.47828
840,17.5819
841,181.882
842,43.2575
843,9.95539
844,7.24314
845,7.25627
846,51.9515
847,1949.57
848,40.8586
849,7.62756
850,7.17075
851,7.95233
852,787.172
853,3342.94
854,33.3647
855,9.30759
856,7.29912
857,7.4352
858,57.8452
859,841.468
860,247.065
861,53.6737
862,21.4697
863,9.01269
864,7.45259
865,11.6814
866,100.798
867,60.7227
868,7.14228
869,7.12302
870,21.9268
871,29493.9
872,7243.35
873,4025.19
874,954.563
875,88.7023
876,32.6018
877,17.1452
878,7.81522
879,7.05648
880,17.6216
881,557.402
882,146.965
883,18.8636
884,13.2184
885,7.93657
886,7.34968
887,19.5223
888,185.178
889,86.4302
890,16.9109
891,8.44943
892,7.10831
893,7.92954
894,86.3194
895,411.677
896,78.325
897,21.9178
898,12.5733
899,6.95915
900,6.92937
901,59.136
902,3457.4
903,378.721
904,139.048
905,49.2059
906,8.89858
907,7.13885
908,10.2376
909,93.0214
910,76.5808
911,6.87333
912,6.8484
913,9.69053
914,26923.9
915,41380.8
916,21214.3
917,4636.91
918,1046.73
919,476.529
920,137.334
921,52.4944
922,59.1801
923,7.15199
924,6.73373
925,6.72979
926,24.2567
927,477.607
928,326.421
929,54.4531
930,30.4742
931,21.7063
932,11.6511
933,45.9271
934,22.9176
935,6.23373
936,6.19529
937,14.1274
938,5067.06
939,6235.97
940,3081.62
941,210.197
942,136.171
943,60.8606
944,34.7958
945,78.8161
946,78.4007
947,7.82241
948,6.96034
949,6.81649
950,76.4076
951,335.114
952,6.60961
953,6.13598
954,6.17463
955,218.652
956,11721.5
957,2985.47
958,973.323
959,176.809
960,82.8418
961,31.879
962,21.9353
963,33.6279
964,7.34551
965,6.14038
966,6.09747
967,84.7877
968,18487.6
969,882.065
970,314.18
971,233.021
972,103.91
973,100.882
974,301.089
975,54.0297
976,18.2213
977,7.58737
978,6.54093
979,6.94427
980,67.137
981,267.829
982,19.9462
983,9.19153
984,6.53702
985,6.30917
986,12.6334
987,125.52
988,74.5029
989,64.8731
990,11.8162
991,6.08163
992,6.03988
993,20.3767
994,7371.02
995,5606.32
996,3599.6
997,75.204
998,62.5434
999,26.8185
1000,60.7731
1001,97.1706
1002,14.4457
1003,6.44283
1004,6.01338
1005,6.82905
1006,353.617
1007,1381.8
1008,518.297
1009,165.829
1010,29.6276
1011,12.5751
1012,7.56453
1013,6.53924
1014,14.1956
1015,66.2553
1016,15.7109
1017,5.97552
1018,5.95387
1019,28.1585
1020,13581.4
1021,6837.86
1022,6083.77
1023,115.994
1024,57.0697
1025,28.0121
1026,8.3746
1027,6.79225
1028,11.0853
1029,125.124
1030,72.3564
1031,7.26793
1032,6.09697
1033,6.03674
1034,24.2331
1035,540.994
1036,315.677
1037,65.5878
1038,18.6391
1039,10.5534
1040,6.03318
1041,5.9889
1042,48.0055
1043,1379.45
1044,124.438
1045,47.2437
1046,17.3296
1047,7.05027
1048,6.41047
1049,13.2093
1050,377.087
1051,150.973
1052,12.462
1053,10.682
1054,7.96685
1055,19.1042
1056,25.5691
1057,7.87146
1058,7.18909
1059,8.67921
1060,13.8307
1061,12.0004
1062,6.31642
1063,5.89609
1064,7.63142
1065,250.072
1066,355.713
1067,14.4486
1068,5.88155
1069,5.8355
1070,9.46466
1071,17072.2
1072,10538.1
1073,421.412
1074,29.3426
1075,6.62946
1076,6.39088
1077,9.23532
1078,36.661
1079,170.393
1080,305.005
1081,24.2099
1082,9.36772
1083,7.83174
1084,6.51205
1085,12.5712
1086,65.7104
1087,58.0736
1088,18.9677
1089,5.9836
1090,5.78821
1091,9.86482
1092,253.144
1093,392.483
1094,256.284
1095,46.2552
1096,6.79154
1097,6.00854
1098,6.9633
1099,44.0269
1100,92.8178
1101,13.6729
1102,6.25261
1103,5.97008
1104,11.8191
1105,91.011
1106,28.0923
1107,5.66291
1108,5.64722
1109,17.1255
1110,26973.7
1111,10575.9
1112,3697.15
1113,1292.93
1114,658.943
1115,377.745
1116,202.732
1117,467.635
1118,22.2041
1119,7.19273
1120,6.37073
1121,6.9559
1122,17.1004
1123,37.2335
1124,14.2774
1125,10.1954
1126,8.78626
1127,6.5506
1128,5.98998
1129,7.89357
1130,28.072
1131,25.821
1132,5.6117
1133,5.44488
1134,5.58865
1135,5688.88
1136,105294
1137,2247.37
1138,367.746
1139,34.6561
1140,17.4403
1141,10.0531
1142,6.28246
1143,12.4823
1144,26.9569
1145,9.80866
1146,5.25744
1147,5.17607
1148,11.7685
1149,1800.15
1150,443.436
1151,22.2745
1152,5.3029
1153,5.16073
1154,5.80606
1155,896.897
1156,5564.84
1157,1248.93
1158,327.667
1159,172.084
1160,19.6459
1161,11.7646
1162,19.3608
1163,15.6288
1164,5.27319
1165,5.13081
1166,5.89803
1167,1279.81
1168,4793.55
1169,73.047
1170,20.9788
1171,11.9675
1172,6.63257
1173,5.93469
1174,13.9758
1175,37.2094
1176,7.62388
1177,5.0884
1178,5.0914
1179,190.733
1180,64332.2
1181,3162.77
1182,947.042
1183,160.689
1184,92.8711
1185,13.6746
1186,19.576
1187,23.392
1188,5.57175
1189,5.02982
1190,5.13871
1191,413.224
1192,9006.23
1193,438.134
1194,129.13
1195,8.19716
1196,5.16683
1197,5.0225
1198,16.397
1199,2803.07
1200,527.051
1201,112.37
1202,78.5305
1203,13.306
1204,8.35456
1205,12.3837
1206,17.4653
1207,7.13035
1208,5.04238
1209,5.02539
1210,41.2696
1211,3831.75
1212,99.5608
1213,34.3458
1214,28.2897
1215,10.7241
1216,25.4779
1217,28.9082
1218,5.87475
1219,4.99676
1220,5.08904
1221,174.608
1222,4229.33
1223,789.487
1224,159.494
1225,57.3425
1226,16.1433
1227,7.60446
1228,7.93535
1229,7.87053
1230,6.64148
1231,5.86618
1232,6.44972
1233,11.9882
1234,16.902
1235,5.98633
1236,4.97109
1237,5.00718
1238,164.648
1239,8385.61
1240,16.153
1241,11.5805
1242,9.36009
1243,5.27379
1244,5.41635
1245,91.253
1246,538.022
1247,13.8445
1248,6.44956
1249,5.48552
1250,6.05234
1251,49.0835
1252,99.1773
1253,7.62522
1254,4.97025
1255,4.95164
1256,30.5171
1257,4306.38
1258,235.922
1259,35.5999
1260,16.0049
1261,11.3965
1262,6.29784
1263,13.9549
1264,35.9155
1265,7.62005
1266,5.00228
1267,4.99749
1268,26.85
1269,840.364
1270,29.899
1271,4.99765
1272,4.95642
1273,10.304
1274,2203.12
1275,2430.53
1276,206.558
1277,139.622
1278,92.4754
1279,23.799
1280,127.156
1281,16.1466
1282,5.70505
1283,5.0057
1284,5.18648
1285,93.838
1286,753
1287,8.16424
1288,5.73772
1289,4.97193
1290,6.19402
1291,116.774
1292,207.841
1293,21.3967
1294,7.11189
1295,5.10474
1296,5.05862
1297,20.4763
1298,268.496
1299,19.6729
1300,5.35299
1301,4.96427
1302,6.5422
1303,125.52
1304,168.944
1305,50.2722
1306,36.0876
1307,5.1693
1308,4.90343
1309,5.27091
1310,198.774
1311,1732.79
1312,852.236
1313,188.287
1314,66.1567
1315,31.8783
1316,8.14159
1317,7.4247
1318,12.1086
1319,9.92772
1320,5.13668
1321,4.88787
1322,6.6044
1323,383.8
1324,452.931
1325,4.85537
1326,4.85437
1327,38.9042
1328,417473
1329,374610
1330,245101
1331,17928.5
1332,9224.29
1333,5064.95
1334,1606.68
1335,3479.19
1336,1741.35
1337,107.139
1338,56.9582
1339,34.2536
1340,9.05812
1341,9.23287
1342,18.2826
1343,6.56819
1344,3.48104
1345,3.34509
1346,5.78043
1347,230.16
1348,110.932
1349,3.93368
1350,3.54094
1351,3.40315
1352,13.4526
1353,301.189
1354,164.664
1355,29.5533
1356,16.3749
1357,6.67463
1358,4.56823
1359,9.03367
1360,9.73915
1361,3.55807
1362,3.27709
1363,3.41423
1364,310.334
1365,3439.84
1366,5.84353
1367,3.31868
1368,3.27332
1369,7.58951
1370,2061.67
1371,972.475
1372,115.355
1373,71.0167
1374,35.2101
1375,16.9799
1376,36.8248
1377,68.6978
1378,6.9433
1379,3.5569
1380,3.39549
1381,4.41792
1382,168.871
1383,352.501
1384,30.7457
1385,8.6297
1386,6.24449
1387,4.4001
1388,5.28746
1389,32.9253
1390,31.1383
1391,6.69351
1392,3.28024
1393,3.24305
1394,6.84872
1395,3277.19
1396,983.119
1397,38.058
1398,28.9792
1399,12.8653
1400,11.3354
1401,8.14435
1402,4.13506
1403,3.75454
1404,5.27882
1405,15.2284
1406,11.4238
1407,3.73624
1408,3.22817
1409,3.29751
1410,118.206
1411,2375.15
1412,77.4186
1413,20.291
1414,3.3774
1415,3.238
1416,3.47848
1417,398.36
1418,3203.55
1419,249.583
1420,94.0397
1421,31.5327
1422,5.06767
1423,4.12482
1424,6.48485
1425,34.1198
1426,12.7467
1427,3.2278
1428,3.19794
1429,4.10424
1430,6567.9
1431,12988.7
1432,2149.32
1433,398.89
1434,159.569
1435,16.4998
1436,9.50408
1437,8.1395
1438,6.93359
1439,5.45305
1440,4.46829
1441,4.38335
1442,6.192
1443,8.37752
1444,4.21855
1445,3.15042
1446,3.15201
1447,23.0785
1448,672.626
1449,15.0979
1450,4.34347
1451,4.04294
1452,4.07501
1453,4.86492
1454,8.7013
1455,67.9615
1456,48.7099
1457,3.75059
1458,3.49248
1459,3.40223
1460,31.6138
1461,183.806
1462,4.71685
1463,3.15538
1464,3.14415
1465,14.1911
1466,357.005
1467,18.2517
1468,3.21037
1469,3.16811
1470,8.80876
1471,205.133
1472,318.193
1473,285.85
1474,37.5327
1475,14.9489
1476,8.24537
1477,6.54743
1478,6.01358
1479,31.6125
1480,14.3829
1481,3.08591
1482,3.07725
1483,12.6399
1484,4557.34
1485,4315.01
1486,5448.33
1487,208.391
1488,120.94
1489,70.2715
1490,30.4366
1491,70.6598
1492,10.4575
1493,3.77557
1494,3.49815
1495,4.587
1496,61.7318
1497,125.317
1498,6.18746
1499,3.75331
1500,3.48213
1501,4.39703
1502,14.7797
1503,83.6548
1504,81.6009
1505,10.0435
1506,5.00579
1507,4.14968
1508,3.93174
1509,22.8584
1510,38.4427
1511,3.11492
1512,3.02966
1513,3.03863
1514,339.721
1515,107023
1516,18200.8
1517,5808.55
1518,3878.26
1519,1397.64
1520,1201.2
1521,3887.35
1522,1158.11
1523,160.498
1524,136.269
1525,40.9945
1526,78.3242
1527,21.9938
1528,14.2017
1529,7.80435
1530,3.00638
1531,2.94485
1532,4.42561
1533,907.792
1534,914.865
1535,32.8855
1536,20.7511
1537,9.62694
1538,5.23936
1539,6.66988
1540,30.904
1541,9.48129
1542,2.96797
1543,2.93491
1544,7.89948
1545,926.905
1546,1165.6
1547,640.022
1548,20.1404
1549,8.78959
1550,5.86827
1551,3.78914
1552,4.66252
1553,26.7109
1554,23.7652
1555,3.44931
1556,2.9258
1557,2.92854
1558,46.4392
1559,4046.28
1560,797.433
1561,207.34
1562,72.7445
1563,14.1475
1564,8.13466
1565,8.17256
1566,5.80818
1567,3.31789
1568,3.09405
1569,4.47687
1570,91.4274
1571,66.7969
1572,2.96734
1573,2.93078
1574,9.01086
1575,415.384
1576,61.8049
1577,37.2227
1578,51.2709
1579,6.26581
1580,4.87881
1581,3.67096
1582,5.10823
1583,62.7002
1584,36.3723
1585,3.08779
1586,3.00966
1587,4.31234
1588,128.273
1589,346.401
1590,29.6048
1591,7.97418
1592,5.50792
1593,4.36828
1594,7.61361
1595,51.9978
1596,9.93771
1597,2.91309
1598,2.88961
1599,4.45353
1600,3168.31
1601,5286.86
1602,706.826
1603,110.786
1604,69.4264
1605,32.2074
1606,16.7307
1607,15.2135
1608,8.47124
1609,4.66438
1610,4.13381
1611,4.43021
1612,5.45459
1613,4.87462
1614,3.28048
1615,2.98821
1616,3.9895
1617,30.9202
1618,32.0844
1619,2.85933
1620,2.84384
1621,2.95478
1622,10803.5
1623,219543
1624,8072.47
1625,2166.27
1626,1775.11
1627,630.021
1628,1530.15
1629,3890.72
1630,348.959
1631,60.0105
1632,8.06999
1633,3.08389
1634,2.81817
1635,3.88998
1636,57.5408
1637,47.8793
1638,2.84218
1639,2.6944
1640,3.12089
1641,18.4033
1642,92.5164
1643,12.4941
1644,3.086
1645,2.71294
1646,2.92455
1647,17.8035
1648,72.7315
1649,4.64616
1650,2.33095
1651,2.31545
1652,5.67101
1653,1185.75
1654,1891.83
1655,1190.36
1656,193.846
1657,43.9816
1658,25.2566
1659,12.7657
1660,5.5469
1661,12.8729
1662,9.61812
1663,2.37046
1664,2.32605
1665,2.97294
1666,180.805
1667,964.196
1668,213.118
1669,44.9289
1670,27.9614
1671,3.66472
1672,2.74026
1673,4.63852
1674,18.1723
1675,8.21377
1676,2.34111
1677,2.28591
1678,2.57176
1679,1172.73
1680,5176.08
1681,667.567
1682,175.028
1683,53.7329
1684,8.95514
1685,3.53627
1686,3.3867
1687,3.73929
1688,3.42645
1689,2.71873
1690,2.54588
1691,3.47133
1692,10.0854
1693,7.56804
1694,2.29051
1695,2.25881
1696,2.6091
1697,4569.21
1698,13638.6
1699,10.1542
1700,8.01482
1701,4.95807
1702,10.8509
1703,27.5699
1704,2.50548
1705,2.19137
1706,2.18665
1707,46.7642
1708,115281
1709,8974.9
1710,3179.94
1711,2598.59
1712,927.888
1713,1885.95
1714,1510.39
1715,1236.52
1716,135.019
1717,38.3479
1718,20.3772
1719,14.0547
1720,10.1921
1721,34.5461
1722,50.115
1723,3.24662
1724,2.88071
1725,2.36425
1726,3.19888
1727,55.8662
1728,123.793
1729,40.291
1730,7.21091
1731,3.81691
1732,2.72872
1733,2.43188
1734,6.45166
1735,51.8217
1736,13.8324
1737,3.12706
1738,2.5263
1739,2.35616
1740,3.19509
1741,10.8554
1742,22.511
1743,16.71
1744,2.50621
1745,2.20818
1746,2.23464
1747,7.40085
1748,64.8048
1749,65.8695
1750,28.7679
1751,2.65194
1752,2.28351
1753,2.29395
1754,6.07388
1755,39.9823
1756,26.412
1757,5.85964
1758,2.4524
1759,2.16706
1760,2.65972
1761,36.7192
1762,65.2166
1763,2.23296
1764,2.08367
1765,2.08693
1766,424.247
1767,131391
1768,19781.3
1769,4967.72
1770,2221.12
1771,808.338
1772,754.799
1773,512.442
1774,35.1332
1775,18.7728
1776,7.89768
1777,2.54941
1778,3.50268
1779,4.97232
1780,2.98072
1781,2.04473
1782,2.03164
1783,7.49705
1784,153.406
1785,15.1735
1786,2.02865
1787,1.98437
1788,2.03244
1789,3341.17
1790,67860.3
1791,4061.65
1792,425.337
1793,39.9148
1794,15.9961
1795,5.53562
1796,2.29327
1797,2.03668
1798,4.26044
1799,18.0358
1800,5.5979
1801,1.9562
1802,1.84355
1803,2.00369
1804,254.787
1805,1382.59
1806,16.9692
1807,5.78122
1808,2.70139
1809,1.90869
1810,2.00344
1811,16.236
1812,93.8458
1813,5.85309
1814,2.71485
1815,1.9468
1816,1.91757
1817,6.12371
1818,104.263
1819,63.4588
1820,12.2247
1821,5.03422
1822,2.97545
1823,1.89046
1824,2.17857
1825,26.2549
1826,65.1394
1827,2.01343
1828,1.84922
1829,1.97563
1830,50.8706
1831,344.113
1832,57.0729
1833,18.7589
1834,4.99166
1835,3.0112
1836,1.86013
1837,2.01257
1838,30.054
1839,146.434
1840,4.8681
1841,2.13366
1842,1.88747
1843,2.2283
1844,27.7806
1845,99.7505
1846,27.8447
1847,5.92742
1848,3.4498
1849,1.85035
1850,1.84722
1851,19.2365
1852,1088.56
1853,77.3785
1854,32.8256
1855,9.68357
1856,1.86201
1857,1.84409
1858,11.07
1859,590.498
1860,18.4923
1861,3.5872
1862,2.40996
1863,1.89818
1864,2.15566
1865,14.9103
1866,38.6849
1867,4.28743
1868,2.26878
1869,1.8837
1870,2.03378
1871,14.376
1872,59.5365
1873,3.96159
1874,1.88116
1875,1.83031
1876,2.91892
1877,398.912
1878,269.385
1879,5.5686
1880,3.40666
1881,1.83488
1882,1.8372
1883,21.2207
1884,1274.97
1885,86.7755
1886,28.1639
1887,6.12153
1888,2.39021
1889,2.42825
1890,3.12174
1891,3.78638
1892,2.53076
1893,1.90034
1894,1.91353
1895,6.72345
1896,60.3075
1897,5.1522
1898,1.81821
1899,1.81798
1900,7.23461
1901,784682
1902,58302.4
1903,2629.94
1904,791.17
1905,346.711
1906,86.1147
1907,35.3954
1908,35.5301
1909,1.5498
1910,0.981354
1911,0.945864
1912,2.40936
1913,84.1987
1914,16.7951
1915,1.97749
1916,1.44549
1917,0.981399
1918,0.96621
1919,2.90445
1920,44.2196
1921,29.3486
1922,15.0203
1923,1.58047
1924,1.11325
1925,0.936439
1926,1.08709
1927,62.2425
1928,191.843
1929,10.7296
1930,3.93838
1931,1.39045
1932,0.941859
1933,0.936712
1934,8.41116
1935,622.737
1936,79.7943
1937,22.1852
1938,9.69995
1939,2.99808
1940,2.24152
1941,2.3642
1942,1.07942
1943,0.939715
1944,0.979146
1945,23.0571
1946,213.782
1947,1.23597
1948,1.01697
1949,0.9551
1950,1.96844
1951,36.8595
1952,15.3584
1953,1.74742
1954,1.10586
1955,1.01108
1956,2.06025
1957,10.3387
1958,2.82636
1959,0.930597
1960,0.928454
1961,3.74169
1962,3975.68
1963,3817.39
1964,1410.94
1965,135.45
1966,82.1105
1967,11.8848
1968,6.73715
1969,10.3122
1970,1.29979
1971,1.12957
1972,0.993198
1973,1.9318
1974,84.9212
1975,51.248
1976,4.6732
1977,2.57017
1978,2.16982
1979,1.34313
1980,7.29015
1981,13.3467
1982,1.4464
1983,0.922955
1984,0.916383
1985,2.68613
1986,3369.2
1987,809.853
1988,136.657
1989,82.7835
1990,25.1777
1991,14.4441
1992,18.9557
1993,39.0544
1994,11.4338
1995,4.7057
1996,4.20831
1997,1.94761
1998,12.8133
1999,14.733
2000,2.84529
2001,0.974586
2002,0.923431
2003,1.30944
2004,40.5144
2005,41.7557
2006,13.8074
2007,9.02944
2008,0.976711
2009,0.952097
2010,1.57755
2011,22.111
2012,60.2232
2013,24.2759
2014,6.68132
2015,2.27582
2016,1.08729
2017,1.01378
2018,1.34316
2019,12.0197
2020,50.3585
2021,5.6425
2022,1.24767
2023,1.00133
2024,1.01226
2025,2.64215
2026,10.5911
2027,2.06332
2028,1.08303
2029,1.06821
2030,1.71879
2031,3.92495
2032,1.743
2033,0.910979
2034,0.907478
2035,3.66857
2036,2870.53
2037,186.775
2038,2.07565
2039,1.46125
2040,0.964978
2041,1.05571
2042,6.10873
2043,17.5167
2044,2.5686
2045,1.03643
2046,0.907962
2047,0.9407
2048,27.7687
2049,329.54
2050,9.65224
2051,4.04406
2052,1.21602
2053,0.916807
2054,0.925465
2055,7.15694
2056,170.355
2057,103.952
2058,55.2479
2059,7.68659
2060,3.40317
2061,1.79064
2062,0.926468
2063,1.02687
2064,10.8282
2065,36.579
2066,1.02355
2067,0.910568
2068,0.938436
2069,14.8968
2070,202.657
2071,51.5935
2072,9.7172
2073,2.55862
2074,1.24707
2075,0.926565
2076,1.03346
2077,12.4824
2078,43.466
2079,4.09737
2080,1.30401
2081,0.957063
2082,0.939679
2083,3.22612
2084,43.5364
2085,11.6599
2086,2.11135
2087,1.16502
2088,0.908264
2089,0.928105
2090,17.2361
2091,327.018
2092,50.5167
2093,14.8066
2094,4.5365
2095,1.02528
2096,0.943429
2097,1.91586
2098,19.5635
2099,5.8799
2100,0.937919
2101,0.91489
2102,2.09896
2103,55.5388
2104,13.0242
2105,5.93324
2106,8.58207
2107,0.969195
2108,0.901954
2109,0.939289
2110,43.7624
2111,494.432
2112,87.8263
2113,44.1843
2114,3.48132
2115,1.13254
2116,0.929668
2117,0.982271
2118,5.78877
2119,29.2868
2120,2.22975
2121,1.66654
2122,1.02819
2123,0.922997
2124,1.13502
2125,12.5436
2126,20.9346
2127,0.904188
2128,0.897475
2129,0.899804
2130,5397.47
2131,1.29425e+06
2132,295542
2133,87216.7
2134,44458.4
2135,13008
2136,15237.1
2137,6593.37
2138,197.91
2139,128.369
2140,24.2394
2141,14.7245
2142,18.6652
2143,24.2597
2144,4.65958
2145,2.20542
2146,1.74057
2147,0.711142
2148,2.34305
2149,6.02517
2150,0.81614
2151,0.577721
2152,0.57234
2153,2.843
2154,530.44
2155,42.7968
2156,11.3983
2157,4.08504
2158,0.888947
2159,0.765273
2160,0.739592
2161,7.73275
2162,13.6326
2163,0.815387
2164,0.60127
2165,0.582791
2166,1.38027
2167,36.2412
2168,10.4862
2169,2.97382
2170,0.831846
2171,0.637029
2172,0.60051
2173,2.49528
2174,67.4095
2175,7.09543
2176,1.43526
2177,1.22015
2178,0.671594
2179,1.45877
2180,3.63513
2181,0.956724
2182,0.619692
2183,0.640627
2184,1.71795
2185,6.14441
2186,0.95274
2187,0.569666
2188,0.569441
2189,6.73318
2190,122584
2191,1938.89
2192,539.958
2193,167.105
2194,67.3144
2195,21.8145
2196,18.0273
2197,28.3665
2198,11.5805
2199,4.77315
2200,4.07517
2201,1.30063
2202,8.59009
2203,3.57371
2204,0.534714
2205,0.519916
2206,0.563808
2207,348.281
2208,1974.67
2209,12.1263
2210,5.1805
2211,0.693704
2212,0.56168
2213,0.631111
2214,5.62643
2215,12.3771
2216,0.675711
2217,0.521683
2218,0.520736
2219,4.24827
2220,273.632
2221,53.7171
2222,8.6493
2223,2.034
2224,0.831613
2225,0.599026
2226,0.587807
2227,3.85803
2228,18.1539
2229,1.09481
2230,0.568461
2231,0.517772
2232,0.530722
2233,32.499
2234,628.746
2235,124.422
2236,47.4254
2237,11.5989
2238,6.54046
2239,1.96737
2240,1.21218
2241,1.98305
2242,0.712035
2243,0.51915
2244,0.518088
2245,6.24516
2246,841.305
2247,21.2516
2248,9.36072
2249,7.57546
2250,1.99399
2251,4.95294
2252,4.44896
2253,2.4142
2254,0.56425
2255,0.523689
2256,0.550715
2257,12.5238
2258,115.246
2259,45.8083
2260,9.23094
2261,3.08764
2262,1.28068
2263,0.600648
2264,0.570742
2265,1.79013
2266,7.63194
2267,0.880765
2268,0.516323
2269,0.514224
2270,1.40468
2271,2782.61
2272,1948.67
2273,943.318
2274,86.487
2275,55.4664
2276,10.0872
2277,3.9335
2278,2.46254
2279,2.18908
2280,1.93657
2281,1.07517
2282,0.829202
2283,0.754687
2284,2.6408
2285,8.9443
2286,0.611641
2287,0.506484
2288,0.506294
2289,18.4997
2290,177444
2291,44736.2
2292,7334.6
2293,6570.54
2294,928.07
2295,3057.24
2296,2178.16
2297,453.095
2298,310.118
2299,97.6523
2300,82.8881
2301,44.7368
2302,135.398
2303,618.591
2304,12.8556
2305,7.98678
2306,6.06139
2307,4.26322
2308,6.77556
2309,53.3284
2310,8.54022
2311,2.58908
2312,1.31933
2313,0.924651
2314,0.888892
2315,2.7646
2316,41.6641
2317,2.40612
2318,0.533692
2319,0.529039
2320,1.44755
2321,58.2808
2322,55.492
2323,43.4673
2324,5.6907
2325,2.53901
2326,1.15118
2327,1.04555
2328,1.10256
2329,12.4604
2330,23.5977
2331,1.08014
2332,0.589365
2333,0.5448
2334,0.677584
2335,6.11845
2336,18.5711
2337,17.6437
2338,2.86046
2339,0.990127
2340,0.751724
2341,0.502772
2342,0.547229
2343,3.84461
2344,16.012
2345,5.46967
2346,1.04757
2347,0.564685
2348,0.480139
2349,0.50358
2350,13.7894
2351,126.549
2352,9.1297
2353,3.71465
2354,1.29165
2355,0.602398
2356,0.481245
2357,0.632615
2358,19.0242
2359,28.8021
2360,1.44972
2361,0.628514
2362,0.490885
2363,0.494128
2364,2.42668
2365,26.512
2366,2.98259
2367,2.04088
2368,0.644785
2369,0.480575
2370,0.475307
2371,3.24332
2372,459.281
2373,36.2289
2374,14.6776
2375,9.20183
2376,1.297
2377,1.19848
2378,0.900724
2379,0.604307
2380,0.575789
2381,0.717555
2382,1.21153
2383,0.976519
2384,0.496802
2385,0.474848
2386,0.649181
2387,45.1465
2388,50.8625
2389,0.480048
2390,0.47234
2391,0.475639
2392,2829.76
2393,201432
2394,7289.37
2395,2593.47
2396,171.953
2397,84.4421
2398,29.7016
2399,30.1
2400,42.2884
2401,2.7269
2402,1.13884
2403,0.870161
2404,0.489826
2405,1.52985
2406,2.98887
2407,0.448807
2408,0.393924
2409,0.393915
2410,37.5056
2411,21355.5
2412,1934.9
2413,433.559
2414,122.555
2415,77.1837
2416,61.01
2417,113.445
2418,971.063
2419,53.5951
2420,16.3626
2421,3.3594
2422,1.84201
2423,1.24939
2424,1.43314
2425,9.14335
2426,3.00489
2427,0.497718
2428,0.476339
2429,0.62278
2430,11.8034
2431,12.0543
2432,2.28111
2433,1.3303
2434,0.465398
2435,0.422856
2436,0.415407
2437,4.36159
2438,39.6471
2439,1.24907
2440,0.551194
2441,0.420919
2442,0.394124
2443,0.873154
2444,43.477
2445,21.9155
2446,9.28618
2447,1.65216
2448,0.786693
2449,0.616598
2450,0.492583
2451,2.04544
2452,3.53616
2453,0.418537
2454,0.389926
2455,0.393094
2456,26.6462
2457,1677.24
2458,764.368
2459,262.357
2460,28.8496
2461,13.3036
2462,2.02925
2463,1.13106
2464,0.744138
2465,2.17079
2466,2.16748
2467,0.429183
2468,0.407561
2469,0.396629
2470,9.77091
2471,248.398
2472,23.2635
2473,2.5013
2474,0.713839
2475,0.498114
2476,0.41566
2477,0.771146
2478,14.1234
2479,5.96237
2480,0.488593
2481,0.407281
2482,0.394818
2483,1.27625
2484,41.0563
2485,15.7474
2486,3.92501
2487,0.701372
2488,0.440462
2489,0.402877
2490,0.699238
2491,18.748
2492,10.2901
2493,0.71069
2494,0.581189
2495,0.432081
2496,0.482027
2497,1.57286
2498,3.89746
2499,2.35819
2500,0.947126
2501,0.408761
2502,0.391769
2503,0.607192
2504,33.525
2505,25.1086
2506,0.802553
2507,0.61687
2508,0.408289
2509,0.413602
2510,1.91855
2511,19.4016
2512,7.23447
2513,1.36075
2514,0.673319
2515,0.413908
2516,0.421277
2517,2.81851
2518,16.3251
2519,1.05556
2520,0.433983
2521,0.395873
2522,0.457198
2523,6.42173
2524,23.5605
2525,14.0026
2526,3.87921
2527,0.878385
2528,0.550426
2529,0.392774
2530,0.425096
2531,10.0513
2532,50.3354
2533,0.917758
2534,0.461294
2535,0.400209
2536,0.454097
2537,6.17979
2538,21.0083
2539,1.65666
2540,0.676425
2541,0.433639
2542,0.398302
2543,0.613835
2544,12.6249
2545,19.2917
2546,3.5767
2547,0.486205
2548,0.422393
2549,0.483169
2550,1.60039
2551,2.89122
2552,0.654849
2553,0.612162
2554,0.601845
2555,0.513595
2556,0.460321
2557,0.510289
2558,0.89628
2559,1.16688
2560,0.463154
2561,0.388619
2562,0.394249
2563,11.0428
2564,306.035
2565,0.546728
2566,0.387395
2567,0.387247
2568,7.04373
2569,11367.7
2570,191.732
2571,29.8719
2572,1.74292
2573,0.418984
2574,0.388757
2575,0.502453
2576,13.2638
2577,18.786
2578,0.776068
2579,0.387075
2580,0.384262
2581,0.992096
2582,671.239
2583,142.285
2584,13.154
2585,4.46777
2586,2.74727
2587,0.587645
2588,0.592348
2589,1.23973
2590,1.11848
2591,0.403704
2592,0.383408
2593,0.413288
2594,76.585
2595,466.098
2596,1.83488
2597,0.646362
2598,0.426609
2599,0.395525
2600,0.601606
2601,7.60682
2602,8.82744
2603,4.04239
2604,0.597164
2605,0.410131
2606,0.383342
2607,0.441658
2608,62.4906
2609,238.137
2610,31.4067
2611,9.18144
2612,3.29645
2613,0.410016
2614,0.400384
2615,1.13151
2616,12.4867
2617,1.71025
2618,0.391905
2619,0.387464
2620,1.28128
2621,43.8956
2622,16.8419
2623,25.0475
2624,17.2194
2625,2.1374
2626,0.771717
2627,0.497166
2628,0.39427
2629,0.418876
2630,3.89739
2631,29.4619
2632,7.39501
2633,1.79402
2634,0.989975
2635,0.389696
2636,0.396885
2637,3.11193
2638,39.3977
2639,2.88209
2640,0.809677
2641,0.396438
2642,0.382817
2643,0.557004
2644,71.3561
2645,74.6852
2646,18.9707
2647,3.88661
2648,0.581842
2649,0.472469
2650,0.413394
2651,0.973177
2652,5.40134
2653,1.2977
2654,0.468551
2655,0.40346
2656,0.465461
2657,2.30512
2658,4.65184
2659,0.402981
2660,0.381237
2661,0.381348
2662,457.593
2663,799386
2664,94274.9
2665,32361.6
2666,10920.4
2667,2102.67
2668,824.284
2669,858.775
2670,223.535
2671,93.3461
2672,67.1451
2673,20.0773
2674,29.2802
2675,97.236
2676,17.7949
2677,6.65609
2678,6.12309
2679,3.53479
2680,23.9661
2681,25.807
2682,8.49889
2683,3.36416
2684,1.04072
2685,0.998447
2686,1.01034
2687,11.2944
2688,19.4666
2689,11.299
2690,1.44743
2691,0.786632
2692,0.550271
2693,0.420511
2694,0.679736
2695,4.80123
2696,5.23313
2697,0.817139
2698,0.344302
2699,0.339872
2700,0.923173
2701,78.309
2702,27.732
2703,32.4024
2704,5.39142
2705,1.48566
2706,1.25275
2707,0.438421
2708,0.959377
2709,1.66624
2710,0.576152
2711,0.375892
2712,0.352927
2713,0.520505
2714,2.1196
2715,1.34575
2716,0.323644
2717,0.322121
2718,0.380993
2719,1328.07
2720,3384.92
2721,39.0086
2722,15.871
2723,5.55874
2724,3.6735
2725,3.26499
2726,9.3414
2727,87.4739
2728,11.2925
2729,2.94666
2730,1.32196
2731,1.13544
2732,2.15456
2733,4.07526
2734,1.08332
2735,0.777777
2736,0.748937
2737,1.71948
2738,85.1596
2739,4.33144
2740,0.673129
2741,0.602087
2742,0.395462
2743,1.66965
2744,3.34174
2745,0.380088
2746,0.319733
2747,0.321745
2748,4.86791
2749,209.365
2750,47.1995
2751,14.9581
2752,6.04851
2753,2.46467
2754,1.36252
2755,0.977982
2756,0.346021
2757,0.3217
2758,0.342699
2759,12.399
2760,90.1151
2761,7.04012
2762,3.04093
2763,1.24131
2764,0.318824
2765,0.318894
2766,5.82242
2767,557.275
2768,3.21976
2769,1.35696
2770,0.863906
2771,0.594788
2772,0.518089
2773,1.16174
2774,3.7575
2775,1.88916
2776,1.46029
2777,0.335094
2778,0.324829
2779,0.353681
2780,44.893
2781,191.089
2782,8.93027
2783,3.16585
2784,1.46155
2785,0.412795
2786,0.464591
2787,1.02606
2788,1.27272
2789,0.367123
2790,0.332845
2791,0.330648
2792,10.9247
2793,361.851
2794,1.79012
2795,0.454633
2796,0.339553
2797,0.330864
2798,1.28213
2799,47.9675
2800,4.45098
2801,0.654775
2802,0.39468
2803,0.352592
2804,0.783222
2805,7.2142
2806,1.65213
2807,0.331708
2808,0.3172
2809,0.44019
2810,17.0411
2811,20.8145
2812,8.59829
2813,4.12903
2814,0.36608
2815,0.32715
2816,0.342595
2817,2.35334
2818,17.2506
2819,7.19515
2820,1.6293
2821,0.630643
2822,0.408445
2823,0.346731
2824,0.783589
2825,3.37719
2826,0.731076
2827,0.314727
2828,0.313881
2829,1.57465
2830,1540.14
2831,858.868
2832,512.564
2833,15.2603
2834,9.48345
2835,1.89336
2836,0.552808
2837,0.406048
2838,0.55315
2839,1.87276
2840,1.32839
2841,0.334883
2842,0.324393
2843,0.336121
2844,31.297
2845,231.119
2846,14.409
2847,6.13814
2848,1.62216
2849,0.372889
2850,0.365468
2851,1.10077
2852,8.13129
2853,1.03943
2854,0.31994
2855,0.31694
2856,0.6115
2857,112.001
2858,150.051
2859,52.1594
2860,5.5824
2861,2.98058
2862,1.35552
2863,0.888944
2864,0.868285
2865,8.11632
2866,14.8282
2867,1.13233
2868,0.386708
2869,0.352271
2870,0.342525
2871,4.80732
2872,83.9836
2873,23.7187
2874,5.20281
2875,2.18514
2876,0.867859
2877,0.471707
2878,0.654589
2879,1.14146
2880,0.451892
2881,0.312829
2882,0.312524
2883,3.25248
2884,531.613
2885,5.24797
2886,0.628105
2887,0.547736
2888,0.505622
2889,0.89663
2890,1.96417
2891,1.08848
2892,0.506489
2893,0.375123
2894,0.350137
2895,0.511444
2896,2.10551
2897,1.34424
2898,0.315328
2899,0.313548
2900,0.379097
2901,216.269
2902,790.994
2903,27.0497
2904,6.99237
2905,5.00476
2906,4.47698
2907,13.862
2908,114.11
2909,6.68805
2910,2.0424
2911,1.50414
2912,1.25803
2913,2.14448
2914,22.3591
2915,3.02105
2916,0.814562
2917,0.424336
2918,0.371727
2919,0.398571
2920,4.92256
2921,15.734
2922,0.318267
2923,0.309756
2924,0.334946
2925,59.2291
2926,400.518
2927,136.236
2928,53.3399
2929,7.68541
2930,3.52704
2931,1.37406
2932,0.480375
2933,0.425636
2934,0.978219
2935,1.14442
2936,0.33647
2937,0.309254
2938,0.317214
2939,37.8394
2940,685.271
2941,19.1101
2942,2.43439
2943,0.886723
2944,0.373461
2945,0.316783
2946,0.340677
2947,10.2586
2948,59.2492
2949,10.6036
2950,1.71204
2951,0.594808
2952,0.408175
2953,0.324966
2954,0.634986
2955,7.85559
2956,2.7765
2957,0.330389
2958,0.314194
2959,0.466075
2960,10.6894
2961,9.63819
2962,1.64447
2963,0.949903
2964,0.39216
2965,0.310516
2966,0.313918
2967,3.91127
2968,99.0923
2969,1.59076
2970,0.547081
2971,0.320171
2972,0.308359
2973,0.450708
2974,104.107
2975,113.116
2976,20.1135
2977,2.43627
2978,0.823021
2979,0.472415
2980,0.323919
2981,0.369122
2982,4.42128
2983,11.3474
2984,0.624386
2985,0.338213
2986,0.309102
2987,0.354201
2988,21.4403
2989,89.8131
2990,14.2433
2991,4.03195
2992,1.70642
2993,0.32831
2994,0.313838
2995,0.807624
2996,17.671
2997,3.22045
2998,0.358359
2999,0.318465
3000,0.373036
